X,Y,Z,WEIGHT,STATE
0.535616,-0.179657,50.000000,0.942045,DETECTED
0.313869,0.211090,50.000000,0.942045,DETECTED
-0.981586,0.200643,50.000000,0.923483,DETECTED
1.908648,-0.761786,50.000000,0.692005,DETECTED
1.113107,0.035920,50.000000,0.446651,DETECTED
-2.977488,1.243877,50.000000,0.772048,DETECTED
-1.773450,-0.371291,50.000000,0.787566,DETECTED
-3.292777,-2.007265,50.000000,0.645446,DETECTED
0.032333,0.010080,50.000000,0.980296,DETECTED
1.756106,-0.121900,50.000000,0.671653,DETECTED
