X,Y,Z,WEIGHT,STATE
0.287814,1.278052,50.000000,0.942045,DETECTED
-1.902521,7.034249,50.000000,0.231610,DETECTED
-0.592187,-0.605578,50.000000,0.844378,DETECTED
1.231490,0.375914,50.000000,0.844378,DETECTED
-0.116911,-0.169388,50.000000,0.980296,DETECTED
-0.113143,-1.484609,50.000000,0.827740,DETECTED
-3.547634,1.055488,50.000000,0.869963,DETECTED
-0.123807,0.102840,50.000000,0.942045,DETECTED
-8.852267,4.173940,50.000000,0.051550,DETECTED
0.058848,-0.080923,50.000000,0.980296,DETECTED
