X,Y,Z,WEIGHT,STATE
-5.410254,-5.859482,50.000000,0.066110,DETECTED
-0.206966,-1.888003,50.000000,0.008684,DETECTED
-5.402254,1.116708,50.000000,0.567129,DETECTED
-1.682046,1.826488,50.000000,0.513414,DETECTED
-0.454252,-0.370168,50.000000,0.970590,DETECTED
-0.784901,0.010216,50.000000,0.960980,DETECTED
0.079369,-0.283167,50.000000,0.970590,DETECTED
-0.107415,-0.878695,50.000000,0.932718,DETECTED
-0.128264,0.334172,50.000000,0.970590,DETECTED
16.234047,-5.856889,31.454325,0.000000,TERMINATED
